{
    "loss": 45.58356475830078,
    "accuracy": 0.5686274766921997
}