{
    "loss": 47.80615234375,
    "accuracy": 0.4313725531101227
}