{
    "loss": 10.553244590759277,
    "accuracy": 0.5686274766921997
}